,hdi_level,hdi
0,low,58.46633783783784
1,middle,69.62881270903019
2,high,82.39601666666668
