,race,perc_of_pop
0,white,82.77777777777777
1,black,5.977777777777778
2,asian,7.688888888888889
3,other,0.7111111111111111
