,race,perc_of_pop
0,white,49.567567567567565
1,black,29.89189189189189
2,asian,7.945945945945946
3,other,6.648648648648648
