,snap_enrollment,undergrad_perc
0,high,22.470588235294116
1,low,13.985915492957746
